Téléphone & Tablette, 1
Téléphone portable, 1
Téléphone android, 1
iPhone, 1
Téléphone basique, 1
Ipad, 1
Tablette, 1
Tablette android, 1
Accessoires de tablette, 1
Ecouteurs Bluetooth, 1
Montres connectées, 1
Câbles, 1
souris, 1
claviers, 1
Powerbanks, 1
Accessoires photo et vidéo, 1
Accessoires automobiles, 1
Protections d'écran, 1
Coques, 1
housses, 1

étuis, 1
Cartes mémoire, 1
Téléphone sans fil, 1
téléphones filaires, 1
volP, 1
TV, 2
Télévision, 2
Supports muraux, 2
Box & récepteurs, 2
Connectiques TV, 2
Antennes, 2
Paraboles, 2
Ecrans de projection, 2
Convertisseurs, 2
Casques Audio, 2
Ecouteurs, 2
Audio portable, 2
Haut-parleurs, 2
Composants, 2
Accessoires TV, 2
Accessoires Image et son, 2
Protection éléctrique, 2
Microphones, 2
Accessoires système GPS, 2
Accessoires Photo, 2
Batteries, 2
Chargeurs, 2
Gadgets divers, 2
Caméras, 2
Projecteurs, 2
Jumelles & lunettes, 2
Vidéo surveillance, 2
Appareil photo numérique, 2
Imprimante photo, 2
Imprimante, 2
Trépieds & monopodes, 2
Flashs é Stroboscopes, 2
Equipements de studio, 2
Albums & cadres, 2
Scanners de codes à barres, 2
Imprimante de caisse, 2
surveillance, 2
Sécurité, 2
Radios, 2
Talkie Walkie, 2
Ordinateur de bureau, 3
Ordinateur portable, 3
Pc gamer, 3
Pc gamer et composants, 3
Claviers, 3
Souris de jeu, 3
Audio et vidéo, 3
Stockage de données, 3
Matériels Gaming, 3
Outils carte mémoire, 3
Adaptateurs de Câbles, 3
Câbles et interconnexions, 3
Accessoires pour Hdd, 3
Accessoires Projecteurs, 3
Networking, 3
Ecran pc, 4
"Ecran pc moins 19"", 4"
"Ecran pc 22"" à 24"", 4"
"Ecran pc plus de 24"", 4"
Processeurs, 4
Lecteurs optique externe, 4
cartes son externes, 4
ventilateurs & refroidissement, 4
cartes graphiques, 4
disques durs internes, 4
disques durs ssd, 4
Réseaux, 4
Modems, 4
Routeurs, 4
Répéteurs, 4
électromenager, 5
réfrigérateur, 5
réfrigérateur combiné, 5
congélateur, 5
hottes de cuisinière, 5
machine à laver, 5
machine à laver semi automatique, 5
lave-vaisselle, 5
aspirateur, 5
cuisinière, 5
Robinets de cuisine, 5
plaque de cuisson, 5 
fours encastrable, 5
accessoires gros électromenagers, 5
Air fryer,5
machine à café, 5
mixeurs, 5
batteur, 5
mixeur & batteurs, 5
blenders, 5
pétrins, 5
panini, 5
toaster, 5
cuiseur vapeur, 5
gril de contact, 5
micro-onde, 5
micro-onde encastrable, 5
bouilloire, 5
presse-agrumes, 5
grills, 5
raclette, 5
poêle électrique, 5
centrifugeuse, 5
climatiseur, 5
ventilateur, 5
déshumidificateur, 5
humidificateur d'air, 5
chauffage, 5
maison, 6
matelas, 6
literie, 6
linge, 6
salle de bain, 6
meubles, 6
décoration, 6
luminaire, 6
éclairage, 6
entretien, 6
fers à repasser, 6
rangement, 6
organisation, 6
articles pour événements, 6
fournitures de nettoyage, 6
art, 6
artisanat, 6
couture, 6
bricolage, 6
rénovation, 6
cuisine, 6
casseroles, 6
poêle, 6
couverts, 6
plats, 6
ustensiles de cuisine, 6
Couteau, 6
café, 6
thé, 6
expresso, 6
plat de cuisson, 6
stockage et organisation, 6
fontaine d'eau, 6
filtre à eau, 6
bureau, 6
fourniture, 6
Fourniture scolaire, 6
mobilier de bureau, 6
"matériel d""emballage, 6"
confort maison, 6
climatisation, 6
climatiseur, 6
ventilateur, 6
purification d'air, 6
glacière, 6
chauffe-eau à gaz, 6
chauffe-eau électrique, 6
Vêtements femme, 7
hoodies femme, 7
sweatshirts femme, 7
pulls, 7
cardigans, 7
gilets, 7
jeans, 7
manteaux, 7
vestes, 7
chaussures femme, 7
baskets femme, 7
escarpins femme, 7
bottes, 7
bottines, 7
montres femme, 7
bijoux femme, 7
lunettes femme, 7
sacs à main, 7
accessoires femme, 7
Vêtements homme, 8
pulls homme, 8
gilet homme, 8
chemise homme, 8
pantalon homme, 8
veste homme, 8
manteau homme, 8
basket homme, 8
chaussures homme, 8
bottes homme, 8
bottines homme, 8
montres homme, 8
lunettes homme, 8
chapeaux homme, 8
casquettes homme, 8
ceintures homme, 8
mode fille, 9
mode garçon,9
valise, 10
sac à dos, 10
parapluie, 10
accessoires de voyage, 10
beauté, 11
soins femme, 11
maquillage, 11
soins visage, 11
cheveux, 11
appareil de coiffure, 11
soin de peau, 11
protection solaire, 11
bronzage, 11
déodorant femme, 11
onglerie, 11
épilation, 11
hygiène féminine, 11
dermocosmetics, 11
rasage femme, 11
rasage homme, 12
déodorant femme, 12
brosse de dents, 13
bain de bouche, 13
fil dentaire, 13
pics, 13
huile de massage, 14
massages éléctriques, 14
lotions de massage, 14
bien-être, 14
santé, 15
masques médicaux, 15
désinfectants, 15
premiers soins, 15
nutrition sportive, 15
protéine, 15
brûleur de graisse, 15
sport, 16
fitness, 16
musculation, 16
football, 16
exercice, 16
remise en forme, 16
sport d'équipe, 16
natation, 16
vêtement de sport, 16
shorts, 16
leggings, 16
chasse, 16
pêche, 16
hoverboards, 16
trotinettes électriques, 16
camping, 16
randonnée, 16
sport nautique, 16
cyclisme, 16
vélos, 16
VTT, 16
VTC, 16
casques, 16
outils de vélo, 16
survêtement de sport homme, 16
survêtement de sport femme, 16
hitchonson, 16
weekwiki, 16
scoutyway, 16
nike, 16
adidas, 16
jeux vidéos, 17
sony playstation, 17
console ps5, 17
jeux ps5, 17
ps4, 17
ps3, 17
microsoft xbox, 17
xbox series, 17
xbox 360, 17
jeux xbox, 17
accessoires xbox, 17
nintendo switch, 17
consoles, 17
jeux, 17
gaming sur pc, 17
ecrans et moniteurs, 17
claviers gaming, 17
souris, 17
Matériels de Jeu Gamer, 17
casques gaming, 17
manettes, 17 
contrôleurs, 17
montage, 17
boîtier, 17
cartes mères, 17
processeurs CPU, 17
RAM, 17
cartes graphiques GPU, 17
disques durs, 17
refroidisseur pc, 17
réseau & connexion, 17
cartes son, 17
téléviseur, 17
"tv 32"", 17"
"tv 40-50"", 17"
"tv 55-70"", 17"
"tv 75"", 17"
rétro gaming, 17
bébé, 18
jouet, 18
chambre de bébé, 18
literie, 18
matelas bébé, 18
décor de crèche, 18
couche, 18
lingette, 18
sac à langer, 18
nourriture pour bébé, 18
allaitement maternel, 18
biberon, 18
alimentation solide, 18
sucette, 18
accessoires bébé, 18
vêtement bébé garçon, 18
vêtement bébé fille, 18
sécurité extérieur, 18
moniteur, 18
cuisine sécurité, 18
barrière, 18
poussette, 18
accessoires bébé, 18
siège d'auto, 18
santé bébé, 18
soin bébé, 18
thermomètre, 18
dentifrice d'entraînement, 18
aspirateurs nasaux, 18
servièttes, 18
soinde peau bébé, 18
grossesse, 18
maternité, 18
supermarché, 19
eaux, 19
boisson, 19
café, 19
thé, 19
cacao, 19
lait, 19
boisson gazeuse, 19
jus, 19
sirop, 19
épicerie salée, 22
chips, 22
aliments en conserve, 22
aliments en pot, 22
aliments emballés, 22
sauces, 22
consiments, 22
pâtes, 22
nouilles, 22
huiles, 22
riz, 22
féculents, 22
épices, 22
bouillons, 22
épicerie sucrée, 21
bonbon, 21
chocolat, 21
biscuit, 21
pâtisserie, 21
dessert, 21
sucre, 21
céréales, 21
margarine, 21
confiture, 21
miel, 21
tartinade, 21
fruit sec, 21
lessive, 22
vaisselle, 22
lessive, 22
désodorisant, 22
nettoyage, 22
papier, 22
plastique, 22
article de toilette, 22
animaux, 23
chat, 23
oiseau, 23
chien, 23
poisson, 23
jardin,24
Irrigation automatique, 24
Arrosage automatique, 24
Panier, 24
Écharpes, 24
Filets anti-moustiques, 24
Marches, 24
Sacs poubelle, 24
Assainisseurs d'air, 24
Mur imperméable, 24
Paniers suspendus, 24
Sashes, 24
Parc, 24
fleur, 24
